RAC1P,SEX,REGION,PINCP,ST,COW,CIT,NATIVITY,MSP,SCHL,DIS,MIL
1,1,3,-8500.0,48,None,1,1,6.0,22.0,2,4.0
1,2,2,13721.85286385888,19,1.0,1,1,6.0,22.0,2,4.0
1,1,4,58784.22152217508,8,None,1,1,6.0,18.0,2,4.0
9,1,4,32511.39315794527,36,1.0,1,1,6.0,20.0,2,4.0
1,1,4,24789.550243281865,12,1.0,1,1,6.0,2.0,2,4.0
4,1,4,9041.600543706523,35,1.0,1,1,1.0,1.0,2,4.0
1,1,3,49722.44475608206,48,None,1,1,3.0,21.0,2,4.0
1,1,4,139173.14976277688,42,1.0,1,1,1.0,21.0,2,4.0
1,1,3,53966.809892639605,37,6.0,1,1,1.0,22.0,2,4.0
1,1,3,None,6,1.0,1,1,6.0,18.0,2,4.0
1,2,4,65141.77601466741,36,1.0,1,1,1.0,5.0,2,4.0
1,1,4,52711.12041807684,36,1.0,1,1,1.0,19.0,2,4.0
1,1,2,52622.8306037571,4,None,1,1,None,1.0,2,None
1,2,2,145406.93233978612,4,1.0,1,1,6.0,21.0,2,None
1,1,3,74117.05383478396,26,1.0,1,1,6.0,19.0,2,4.0
1,2,3,117351.86140711154,37,1.0,1,1,1.0,20.0,2,4.0
1,1,3,None,48,1.0,1,1,None,7.0,2,4.0
1,2,3,176271.38313363126,6,None,1,1,1.0,4.0,2,2.0
3,2,3,25640.80812237128,26,2.0,1,2,1.0,16.0,2,4.0
1,2,3,-8500.0,37,1.0,1,2,None,21.0,2,4.0
6,1,4,95434.42592404025,51,1.0,4,1,None,8.0,2,None
1,2,4,145.87019980955665,18,None,1,1,None,4.0,2,4.0
9,2,3,None,37,1.0,1,1,4.0,20.0,2,None
2,2,3,12118.08422976033,48,None,1,1,6.0,20.0,2,None
1,2,3,26968.934346920483,6,8.0,1,1,1.0,20.0,2,4.0
2,2,4,-8500.0,27,1.0,3,2,1.0,16.0,2,4.0
1,1,3,85528.46278883281,6,None,1,1,None,4.0,2,None
1,2,4,None,5,None,1,1,6.0,18.0,2,4.0
1,1,4,45586.90808354093,15,1.0,1,1,4.0,18.0,2,1.0
1,2,3,None,48,1.0,1,1,None,17.0,2,4.0
1,1,2,75595.64837106477,4,None,1,1,1.0,19.0,2,4.0
1,2,4,80507.44964208645,36,1.0,1,1,5.0,16.0,2,4.0
9,2,3,40187.677146154325,6,2.0,1,2,1.0,19.0,2,4.0
9,1,3,-8500.0,6,1.0,5,1,6.0,19.0,2,4.0
1,2,4,31569.81884530738,51,2.0,1,1,6.0,16.0,1,4.0
9,1,3,59517.740875582895,6,1.0,1,1,None,21.0,2,None
1,1,3,-8500.0,37,1.0,1,1,None,20.0,2,4.0
9,2,4,102880.49176433832,42,None,1,1,None,4.0,1,4.0
1,1,3,17520.386331442915,26,None,1,1,6.0,22.0,1,4.0
1,1,4,50827.221125584656,27,1.0,1,1,6.0,21.0,2,4.0
1,2,3,84134.92481801688,6,None,1,1,1.0,22.0,2,None
8,1,3,141382.59779029016,48,1.0,1,1,6.0,19.0,2,4.0
1,2,3,-8500.0,6,1.0,1,1,1.0,13.0,2,4.0
1,2,4,63951.672367654086,36,None,1,1,6.0,21.0,2,None
2,2,3,73669.47226712843,6,1.0,1,1,1.0,13.0,2,4.0
1,2,4,71865.12623772658,42,1.0,1,1,1.0,16.0,2,4.0
3,2,3,147941.75646495336,48,1.0,2,1,6.0,6.0,2,4.0
1,2,3,None,48,None,3,1,6.0,22.0,2,None
1,1,4,116250.34505211104,12,None,1,1,4.0,16.0,2,4.0
1,2,4,-8500.0,8,None,1,1,4.0,18.0,2,None
8,2,3,27854.95332694513,6,1.0,1,1,6.0,17.0,2,None
1,2,3,50155.25607328719,6,None,1,1,6.0,18.0,2,4.0
9,1,3,-8500.0,54,None,1,1,1.0,21.0,2,4.0
8,2,4,8888.0500328743,27,None,1,1,5.0,12.0,2,4.0
1,1,4,64997.6096445373,46,1.0,1,1,1.0,16.0,2,4.0
1,1,4,22647.977430201907,1,None,1,1,6.0,19.0,2,None
1,1,4,None,42,None,1,1,1.0,22.0,2,4.0
4,2,3,-8500.0,48,None,1,1,None,21.0,2,4.0
9,1,3,-8500.0,37,None,1,1,2.0,4.0,2,4.0
1,1,4,None,51,None,1,1,1.0,24.0,2,4.0
1,2,3,101516.65956347322,6,None,1,1,None,18.0,2,4.0
1,1,2,-8500.0,4,1.0,3,1,1.0,14.0,2,4.0
1,2,2,129598.75658484726,4,1.0,1,1,1.0,19.0,2,4.0
1,1,3,38786.15314216704,26,None,1,1,1.0,None,2,None
1,2,4,86645.30604258741,72,1.0,1,1,1.0,21.0,2,4.0
1,1,4,None,51,1.0,1,1,1.0,22.0,2,4.0
2,2,3,None,48,None,1,1,None,21.0,1,4.0
1,2,4,106215.12417271709,36,None,4,1,4.0,13.0,2,4.0
1,2,4,-8500.0,42,1.0,1,1,6.0,19.0,2,4.0
9,2,4,-8500.0,36,1.0,1,1,1.0,21.0,2,4.0
1,1,4,27278.00586094168,51,None,1,1,1.0,21.0,2,4.0
1,2,4,151310.70368659054,12,7.0,1,1,1.0,16.0,2,4.0
1,2,4,136101.30349000433,12,6.0,1,1,1.0,21.0,2,4.0
1,2,3,13690.093400646385,6,1.0,1,1,1.0,18.0,2,4.0
1,2,3,82741.1105819983,48,1.0,1,1,6.0,20.0,2,None
1,2,4,-8500.0,12,1.0,1,1,6.0,12.0,2,4.0
1,1,3,-8500.0,6,None,1,2,3.0,13.0,2,4.0
1,1,4,27719.09198578457,8,1.0,1,1,6.0,4.0,2,4.0
1,2,4,97928.85598656892,12,1.0,1,1,6.0,19.0,2,4.0
1,2,2,-1171.1854583237,30,1.0,1,1,6.0,2.0,2,4.0
1,1,3,105606.84273872088,37,None,1,1,None,4.0,2,1.0
1,2,4,136889.5311987825,35,1.0,1,1,4.0,21.0,2,None
1,2,3,None,48,4.0,1,1,None,16.0,2,4.0
4,1,3,18793.596453069888,6,None,1,1,5.0,2.0,2,4.0
1,1,3,37919.72030329594,48,None,1,1,6.0,19.0,2,4.0
5,1,3,67411.69873217988,26,None,5,1,6.0,21.0,2,1.0
1,1,3,63708.55888962075,6,1.0,1,1,1.0,18.0,2,4.0
1,1,4,8711.971440608344,51,None,1,1,None,20.0,2,4.0
1,2,4,85612.92659638333,8,None,1,1,4.0,22.0,2,4.0
1,2,4,-5886.790728338136,34,8.0,1,1,1.0,16.0,2,4.0
1,2,4,-8500.0,17,1.0,1,1,5.0,19.0,1,4.0
1,1,2,2227.736057422524,53,1.0,1,1,1.0,21.0,2,4.0
1,1,3,169606.68332182942,48,3.0,1,1,1.0,17.0,2,4.0
1,2,4,72557.8828394733,18,1.0,1,1,1.0,16.0,1,4.0
1,2,3,45522.25674102837,6,None,1,2,5.0,21.0,2,4.0
2,1,3,None,37,1.0,1,1,1.0,19.0,2,4.0
1,2,3,107381.6533690281,39,None,1,1,6.0,17.0,2,None
1,2,4,36828.90629570867,17,None,1,1,1.0,17.0,2,4.0
1,2,3,-8500.0,55,1.0,1,1,6.0,20.0,2,4.0
2,2,4,96439.97582273129,42,1.0,1,1,6.0,16.0,2,4.0
1,1,4,-8500.0,47,None,1,1,6.0,20.0,2,4.0
1,2,4,-8500.0,17,None,3,1,5.0,22.0,2,4.0
1,2,4,123947.84225818329,17,1.0,1,1,1.0,16.0,2,4.0
1,1,4,40649.90953182256,15,1.0,1,1,1.0,21.0,2,4.0
9,1,2,19078.22872519448,31,7.0,3,1,6.0,20.0,2,4.0
1,2,4,59560.48130897444,35,2.0,1,1,6.0,18.0,2,4.0
1,2,2,174479.745682015,56,None,1,1,6.0,4.0,1,4.0
1,1,2,132260.63628312966,53,1.0,1,1,1.0,9.0,2,4.0
1,1,4,None,29,None,1,1,None,7.0,2,4.0
1,1,4,-8500.0,51,1.0,1,1,6.0,4.0,2,4.0
2,1,4,161594.4195949125,42,1.0,1,1,1.0,18.0,2,4.0
1,1,3,160330.93632196283,48,1.0,1,1,None,7.0,2,None
1,2,2,120375.92716044644,56,1.0,1,1,1.0,21.0,2,4.0
9,2,3,11054.840201017476,21,None,1,1,3.0,4.0,2,2.0
1,2,2,None,53,1.0,1,1,1.0,21.0,2,4.0
1,1,4,46179.54302494642,29,6.0,1,1,1.0,21.0,2,None
1,2,2,46917.82294241005,56,1.0,1,1,1.0,22.0,1,4.0
1,1,2,96074.3706220062,56,1.0,1,1,1.0,19.0,2,4.0
4,2,3,68579.88293917934,48,None,3,2,None,4.0,2,None
1,2,4,None,17,1.0,1,1,6.0,21.0,2,4.0
2,2,4,100743.2375713056,16,4.0,1,1,1.0,16.0,2,4.0
6,1,3,None,21,1.0,1,1,6.0,19.0,2,4.0
1,1,4,91062.73461449868,8,1.0,1,1,1.0,21.0,2,4.0
1,2,2,None,20,1.0,1,1,6.0,18.0,2,4.0
1,2,4,30798.44146633473,34,None,1,1,1.0,19.0,2,4.0
2,1,4,8817.68591688943,42,1.0,1,1,1.0,21.0,2,4.0
1,2,3,111809.85311797269,55,1.0,1,1,None,16.0,2,4.0
9,2,4,39412.71974083368,17,1.0,4,1,1.0,19.0,2,4.0
2,1,3,25580.780410820516,6,None,1,1,None,17.0,2,None
1,1,4,127125.27467934883,34,1.0,1,1,1.0,16.0,2,None
1,1,2,63052.32562767475,56,1.0,1,1,1.0,19.0,2,4.0
1,2,4,None,42,None,1,1,1.0,None,2,4.0
1,1,3,93374.82468712752,37,1.0,4,1,1.0,21.0,2,4.0
1,2,3,35357.76430835668,6,None,1,1,1.0,16.0,2,4.0
1,1,4,82061.3327708184,42,None,1,1,6.0,22.0,2,4.0
9,2,3,None,6,1.0,1,1,1.0,16.0,2,4.0
1,2,3,17483.07185318917,48,None,1,1,None,None,2,4.0
1,1,4,-8500.0,29,None,1,1,None,19.0,1,4.0
4,1,4,54730.1347680098,10,None,1,1,6.0,17.0,2,1.0
1,2,2,-8500.0,53,None,1,1,1.0,21.0,2,4.0
1,1,3,70522.24928944456,6,1.0,1,1,6.0,15.0,2,4.0
1,1,2,137115.8585325596,53,None,1,1,None,19.0,2,4.0
1,1,4,None,29,None,1,1,None,17.0,2,None
2,2,3,None,48,None,1,1,1.0,12.0,2,4.0
1,1,4,169166.3402460728,42,1.0,1,1,1.0,1.0,2,4.0
9,2,3,34827.66429612606,37,4.0,1,1,1.0,16.0,2,4.0
1,2,3,236072.4141165231,6,1.0,1,1,1.0,21.0,2,4.0
1,2,2,None,38,1.0,1,1,5.0,23.0,2,None
1,2,3,5143.504562742346,40,None,1,1,4.0,21.0,2,4.0
1,2,3,-8500.0,45,None,1,1,5.0,18.0,2,4.0
1,2,3,114272.1051418598,37,6.0,5,1,1.0,19.0,2,4.0
1,1,4,80131.86604428448,34,8.0,1,1,1.0,21.0,2,4.0
1,1,4,-8500.0,18,None,4,1,6.0,19.0,2,4.0
6,2,3,-8500.0,37,1.0,1,1,6.0,20.0,2,None
1,1,4,100665.70443414529,18,1.0,1,1,6.0,20.0,2,4.0
1,1,4,40419.49627978758,18,None,1,1,6.0,11.0,2,4.0
2,1,3,162224.3749712984,6,1.0,1,1,6.0,21.0,2,4.0
1,1,4,108162.60126589915,17,6.0,1,1,1.0,21.0,2,4.0
6,2,3,7015.373343032574,6,1.0,1,1,6.0,17.0,2,4.0
1,1,3,21034.4267924128,6,None,1,1,6.0,21.0,2,4.0
1,2,2,69741.67492263958,31,1.0,1,1,6.0,20.0,2,4.0
1,1,4,85885.91469622042,34,5.0,1,1,1.0,16.0,2,4.0
6,1,3,22971.61094001092,48,None,1,1,6.0,14.0,2,4.0
1,2,4,10685.724852636318,51,1.0,1,1,None,1.0,2,4.0
1,2,4,-8500.0,34,1.0,1,1,6.0,16.0,2,4.0
9,2,4,22457.159907887064,42,None,1,1,5.0,19.0,2,4.0
1,2,3,128458.68414026438,45,1.0,1,1,1.0,4.0,2,4.0
1,1,3,69094.95569370313,37,1.0,1,1,1.0,14.0,2,4.0
1,2,3,-8500.0,21,None,1,1,None,2.0,1,4.0
2,1,3,192449.6577036943,48,None,1,1,6.0,18.0,2,None
9,1,4,None,17,6.0,1,1,6.0,1.0,2,4.0
1,2,3,40303.99014073945,6,None,1,1,1.0,21.0,2,4.0
9,2,4,-8500.0,27,None,1,1,None,16.0,2,4.0
1,2,4,26681.02172598408,8,None,1,1,3.0,19.0,2,4.0
1,1,4,94902.70046939084,22,None,3,2,1.0,19.0,1,4.0
2,2,4,77267.83299403172,27,1.0,1,1,1.0,17.0,2,None
1,1,4,None,34,None,1,1,3.0,1.0,2,4.0
1,2,3,None,48,None,1,1,1.0,16.0,1,4.0
1,1,4,126762.85195992814,29,None,1,1,6.0,18.0,2,4.0
1,2,4,-8500.0,42,None,1,1,None,12.0,2,None
9,1,4,101899.38096620602,27,None,1,1,1.0,22.0,2,4.0
1,2,3,65362.00998066968,9,None,1,1,6.0,17.0,2,4.0
1,1,3,-4058.2309786009937,37,None,1,1,None,6.0,2,4.0
1,2,3,12621.92793415278,48,None,1,1,1.0,2.0,2,2.0
9,1,3,19076.24898490289,54,1.0,1,1,5.0,18.0,2,4.0
2,2,3,None,48,None,1,1,6.0,20.0,2,4.0
8,1,4,140101.57591500648,34,8.0,1,1,6.0,16.0,2,4.0
1,2,3,58291.54233111155,37,2.0,1,1,1.0,16.0,2,4.0
1,1,3,-8500.0,6,1.0,1,1,None,1.0,2,4.0
1,2,3,65706.90246855693,6,None,1,1,1.0,16.0,2,4.0
2,2,3,101388.40882572674,45,1.0,1,1,1.0,15.0,2,4.0
1,2,4,None,42,1.0,1,1,1.0,21.0,2,4.0
1,2,4,43052.857146219496,23,None,1,1,1.0,18.0,2,4.0
1,2,2,-1428.5716483189317,56,1.0,1,1,6.0,16.0,2,4.0
1,2,3,None,48,6.0,1,1,1.0,22.0,2,4.0
1,1,4,69543.0253850329,49,1.0,1,1,6.0,22.0,2,4.0
1,1,3,19796.692817729017,6,None,1,1,1.0,16.0,1,4.0
1,1,3,None,48,1.0,1,1,1.0,5.0,2,4.0
9,1,4,93386.92579821793,51,1.0,1,1,6.0,16.0,2,4.0
1,1,3,38830.62655382729,37,None,1,1,1.0,22.0,2,4.0
1,2,4,None,18,None,1,1,6.0,16.0,2,4.0
1,2,3,148342.92210121697,48,None,1,1,4.0,16.0,2,1.0
1,2,4,114414.50186098307,34,None,1,1,6.0,21.0,2,4.0
2,1,4,40133.068744197255,42,1.0,1,1,6.0,17.0,2,4.0
1,1,3,54590.53399275249,45,6.0,1,1,1.0,16.0,2,4.0
1,1,4,-8500.0,34,1.0,1,1,4.0,20.0,2,None
1,1,4,77298.47526272293,44,None,1,1,4.0,21.0,1,None
9,1,4,-8500.0,42,None,1,1,None,18.0,1,4.0
1,1,3,127896.40447672614,9,1.0,1,1,4.0,9.0,2,2.0
1,1,3,18925.68991840651,48,None,1,1,None,4.0,2,4.0
1,1,3,28163.840425971477,6,None,1,1,5.0,22.0,2,4.0
4,1,3,17916.044093068234,48,2.0,1,1,6.0,16.0,2,4.0
1,1,4,None,34,1.0,1,1,1.0,16.0,2,4.0
1,2,4,84004.56333551068,42,None,1,1,None,18.0,2,4.0
1,2,4,105619.38452482013,17,1.0,1,1,1.0,21.0,2,4.0
1,2,3,96858.44832664113,6,1.0,1,1,1.0,19.0,2,4.0
1,2,4,-8500.0,34,None,3,1,6.0,18.0,2,4.0
9,2,4,68440.82857132691,51,1.0,4,1,6.0,13.0,2,4.0
1,1,2,-8500.0,56,1.0,1,1,1.0,16.0,2,4.0
1,2,4,92325.79559226302,42,8.0,1,1,1.0,16.0,2,4.0
9,2,3,62276.72056954455,6,None,1,1,6.0,17.0,2,4.0
2,2,4,15185.080840466544,18,None,1,1,6.0,19.0,2,4.0
9,2,3,82850.44791210655,37,1.0,1,1,6.0,14.0,2,4.0
9,2,4,None,29,None,1,1,5.0,4.0,2,None
9,1,4,70989.12722016952,18,None,1,1,1.0,19.0,2,4.0
6,2,4,22157.554065069897,33,1.0,1,1,6.0,4.0,2,4.0
2,2,4,58881.75826414011,17,1.0,1,1,6.0,22.0,2,4.0
8,1,3,41432.4934928589,28,None,1,2,None,18.0,2,4.0
1,2,4,3943.4719523465465,51,1.0,1,1,6.0,21.0,2,4.0
1,1,4,167592.2494895565,42,8.0,1,1,6.0,19.0,2,4.0
1,2,2,94730.54773677148,56,1.0,1,1,None,20.0,2,4.0
1,2,4,26968.51982454691,22,None,1,1,6.0,18.0,2,4.0
1,2,3,None,37,None,1,1,1.0,16.0,2,4.0
1,1,3,65573.26237138189,48,6.0,1,1,1.0,20.0,2,4.0
8,1,3,66697.33900250123,48,1.0,1,1,1.0,19.0,2,4.0
1,2,3,38918.80117428031,48,1.0,1,1,3.0,19.0,2,4.0
9,2,4,60316.01575277099,42,None,1,1,6.0,21.0,2,4.0
1,2,3,59382.56425619203,37,None,1,1,6.0,4.0,2,4.0
9,2,3,-81.95757403712923,6,None,1,1,None,4.0,2,4.0
1,2,4,-8500.0,29,None,1,1,1.0,18.0,2,4.0
9,1,3,98444.33516193998,45,1.0,5,1,None,17.0,2,None
1,1,2,None,53,1.0,1,1,1.0,22.0,2,4.0
9,2,2,72260.89854882783,53,1.0,3,1,6.0,12.0,2,4.0
1,2,2,13822.49623641713,56,None,1,1,1.0,21.0,2,4.0
1,2,3,None,37,2.0,1,1,1.0,21.0,2,4.0
1,1,4,25594.18146167982,34,None,1,1,1.0,14.0,2,4.0
1,1,3,66808.77213819053,6,4.0,4,2,1.0,16.0,2,4.0
9,1,2,112395.22706191048,53,None,1,1,4.0,4.0,2,None
9,1,2,32430.523218013128,56,None,1,1,4.0,13.0,2,None
2,1,3,117498.634365277,6,1.0,1,1,1.0,21.0,2,4.0
2,1,3,-6792.693107949417,6,None,3,1,None,20.0,2,4.0
1,1,4,89954.89003291361,27,None,1,1,1.0,4.0,2,None
2,1,2,26281.49085228449,53,None,1,1,6.0,20.0,2,4.0
1,1,3,103524.38499946844,9,1.0,1,1,1.0,12.0,2,4.0
1,1,4,264.94693016723613,51,None,1,1,5.0,3.0,2,None
1,2,3,36787.63168364948,6,None,1,1,1.0,20.0,2,4.0
9,2,4,-8500.0,17,None,1,1,6.0,9.0,2,4.0
4,1,3,-8500.0,6,1.0,1,1,4.0,20.0,2,4.0
3,2,2,-8500.0,53,1.0,1,1,6.0,16.0,2,4.0
1,2,3,58102.24013388128,37,1.0,1,1,4.0,16.0,2,4.0
9,2,3,6788.418242566797,6,1.0,1,1,1.0,None,2,4.0
1,1,4,None,42,1.0,1,1,4.0,22.0,2,None
4,1,4,66674.78375110104,42,1.0,1,1,None,12.0,2,4.0
1,2,3,27419.757167800955,6,1.0,4,1,6.0,19.0,2,4.0
1,1,3,None,45,1.0,1,1,1.0,17.0,2,4.0
1,2,4,-8500.0,42,1.0,1,1,6.0,11.0,2,4.0
1,1,4,81364.73574260582,29,1.0,1,1,1.0,19.0,2,None
1,1,2,None,53,1.0,1,1,3.0,1.0,2,4.0
1,1,4,-8500.0,17,None,1,1,5.0,7.0,2,2.0
1,2,1,-8500.0,50,None,1,1,6.0,1.0,2,1.0
1,1,4,37835.77505051314,29,None,1,1,1.0,22.0,2,4.0
1,1,4,None,42,1.0,1,1,6.0,16.0,2,4.0
1,2,3,110613.55672562036,37,None,1,1,6.0,21.0,2,4.0
1,2,4,-8500.0,10,1.0,1,1,2.0,20.0,2,4.0
1,1,3,121643.87180327586,48,1.0,1,1,1.0,12.0,2,4.0
1,1,3,82521.69460195338,48,None,1,1,3.0,20.0,2,4.0
1,1,4,113162.290234337,17,8.0,1,1,1.0,21.0,2,4.0
1,1,4,55287.03858120071,18,5.0,1,1,1.0,19.0,2,None
9,2,3,41910.14930234233,28,1.0,4,1,6.0,None,2,4.0
1,1,4,-8500.0,17,1.0,4,1,None,16.0,2,None
1,1,3,50704.529662183486,6,None,1,1,1.0,22.0,2,1.0
9,2,3,-8500.0,37,None,1,1,6.0,19.0,2,4.0
9,2,3,38198.12895388286,6,1.0,1,1,4.0,19.0,2,4.0
2,1,4,None,8,None,1,1,6.0,4.0,2,2.0
6,1,2,45514.11456629751,53,1.0,4,1,6.0,16.0,2,4.0
1,2,4,None,27,1.0,1,1,1.0,21.0,2,4.0
1,2,4,None,18,None,1,1,None,19.0,2,4.0
1,1,4,175728.7229312732,51,None,1,1,None,19.0,2,4.0
9,1,3,None,6,8.0,1,1,1.0,21.0,2,4.0
1,1,3,91960.78281040574,48,1.0,1,1,1.0,16.0,2,4.0
1,2,4,-8142.18124098931,8,None,1,1,6.0,10.0,1,4.0
9,2,4,1670.9651883208935,27,1.0,1,1,6.0,22.0,2,4.0
1,1,3,30953.014307968053,37,1.0,1,2,None,21.0,2,4.0
1,2,3,None,21,1.0,1,1,1.0,22.0,2,2.0
1,2,3,None,6,None,1,1,6.0,20.0,2,4.0
1,1,3,10580.2358331122,21,None,1,1,6.0,24.0,2,None
1,2,3,46965.3165962062,54,None,1,1,1.0,2.0,2,4.0
1,2,3,19974.5778258004,21,1.0,1,1,1.0,21.0,2,4.0
1,2,4,103715.94216399944,17,1.0,1,1,6.0,11.0,2,4.0
1,1,3,None,6,None,1,1,None,4.0,2,4.0
2,2,3,17989.160387601507,45,1.0,1,1,6.0,14.0,2,4.0
1,1,4,197474.95331726945,29,8.0,1,1,1.0,14.0,2,4.0
1,1,2,25327.129906435675,53,None,1,1,3.0,4.0,2,4.0
8,1,4,-8500.0,8,None,1,1,4.0,20.0,2,4.0
1,1,4,93752.93917466584,17,None,1,1,5.0,13.0,2,4.0
1,1,4,106478.4890718603,17,1.0,1,1,None,None,2,None
1,1,4,124509.89884759444,17,1.0,1,2,1.0,None,2,4.0
1,1,3,110811.2483728391,48,1.0,1,1,1.0,12.0,2,4.0
1,2,4,-8500.0,49,None,1,1,1.0,21.0,1,4.0
1,2,3,-7500.529273921136,48,1.0,1,1,None,19.0,2,2.0
1,1,3,55218.060209463736,37,1.0,1,1,5.0,13.0,2,None
1,1,4,None,17,None,1,1,6.0,20.0,2,None
1,2,3,13945.608161943794,48,1.0,1,2,1.0,18.0,2,4.0
1,1,4,129163.0634590096,17,1.0,1,1,1.0,14.0,2,None
1,1,4,82422.19470620017,22,None,1,1,5.0,18.0,2,None
1,2,3,46615.955967204696,37,3.0,1,1,None,19.0,2,4.0
1,1,2,-5373.771748662017,56,None,1,1,5.0,4.0,2,None
1,1,3,101614.38837722392,6,6.0,1,1,1.0,21.0,2,4.0
1,1,4,125515.12622965558,42,2.0,1,1,1.0,None,2,4.0
9,1,4,-6093.602625051928,49,1.0,1,1,1.0,18.0,2,4.0
1,1,3,44887.92516800587,48,1.0,1,1,6.0,19.0,2,4.0
1,1,3,205460.9984524477,6,1.0,1,1,1.0,18.0,2,4.0
1,1,3,71676.80857550065,28,1.0,1,1,1.0,16.0,2,2.0
1,2,4,51669.61828637266,34,1.0,1,1,6.0,19.0,2,4.0
1,2,4,-8500.0,22,3.0,3,1,1.0,20.0,2,4.0
2,1,4,None,34,1.0,1,1,6.0,22.0,2,4.0
2,1,3,None,6,1.0,1,1,None,17.0,2,4.0
2,1,3,68367.4818714622,6,1.0,1,1,4.0,22.0,2,4.0
1,2,2,-8500.0,53,None,1,1,6.0,21.0,2,4.0
2,2,4,56778.762298147456,27,6.0,4,1,1.0,21.0,2,4.0
2,1,3,47656.59984946672,6,1.0,1,1,1.0,21.0,2,4.0
4,1,3,-8500.0,6,None,1,1,4.0,4.0,2,1.0
1,1,3,53538.33650660466,45,1.0,1,1,6.0,21.0,1,4.0
8,2,4,15456.57690545706,17,1.0,1,1,6.0,4.0,2,4.0
1,2,3,89382.70435145145,37,2.0,1,1,6.0,22.0,2,4.0
1,2,4,102221.42179841158,42,1.0,1,1,1.0,19.0,2,4.0
9,1,3,None,45,1.0,1,1,1.0,21.0,2,4.0
8,2,4,91455.02598340508,17,1.0,1,1,6.0,17.0,2,4.0
1,2,3,26222.956785431023,37,1.0,1,1,1.0,20.0,2,4.0
2,1,3,-8500.0,48,1.0,3,2,1.0,16.0,2,4.0
1,2,3,50456.62082697141,6,1.0,1,1,None,14.0,2,4.0
1,1,4,64455.353414495534,10,None,1,1,1.0,19.0,2,4.0
2,1,3,38563.63346739266,37,None,1,1,5.0,1.0,1,4.0
1,2,4,57238.92109836709,42,None,1,1,1.0,20.0,2,4.0
2,1,4,-4850.900943377746,42,None,1,1,6.0,20.0,2,4.0
9,2,4,-8500.0,17,1.0,1,1,1.0,19.0,2,4.0
1,1,4,74740.65403759555,34,6.0,1,1,1.0,19.0,2,4.0
9,2,3,86530.1059795497,48,None,1,1,1.0,8.0,2,4.0
2,2,4,None,25,None,1,1,5.0,18.0,2,4.0
1,2,4,37548.70300981568,27,8.0,1,1,1.0,16.0,2,4.0
1,1,4,32714.272371392944,36,None,1,1,5.0,18.0,2,None
1,1,4,69775.00373367981,47,1.0,1,1,None,16.0,2,4.0
9,2,3,72484.61803763946,6,1.0,1,1,None,1.0,2,4.0
2,2,3,None,13,None,1,1,6.0,19.0,2,4.0
1,1,4,86797.84711977563,12,2.0,1,1,6.0,21.0,2,4.0
9,1,4,22573.699768531864,27,1.0,1,1,1.0,16.0,1,4.0
1,1,4,68625.42233226249,18,1.0,1,1,None,19.0,2,4.0
1,1,3,69512.72821215985,6,None,1,1,None,22.0,2,4.0
1,2,4,11391.511972511473,42,8.0,1,1,6.0,1.0,2,4.0
1,1,4,101207.8079195736,12,7.0,1,1,1.0,16.0,2,4.0
1,2,3,None,48,None,1,1,5.0,10.0,2,3.0
8,1,4,25049.603231308065,36,None,1,1,None,22.0,2,None
1,1,2,47344.429270520974,56,None,1,1,1.0,18.0,2,4.0
1,2,3,None,26,1.0,1,1,1.0,17.0,2,4.0
1,1,3,11481.126645342076,40,None,1,1,None,11.0,2,4.0
1,2,3,None,28,None,1,1,None,15.0,2,None
1,2,4,23128.899817499103,51,1.0,1,1,1.0,19.0,2,4.0
1,1,4,83853.31092559504,18,None,1,1,None,20.0,2,4.0
1,1,4,37072.52673960396,36,None,1,1,6.0,20.0,2,4.0
9,1,4,32893.419135363554,36,1.0,1,1,6.0,19.0,2,4.0
1,1,4,132194.8009961423,15,4.0,1,1,1.0,16.0,2,4.0
1,1,3,None,13,None,1,1,1.0,20.0,2,4.0
1,1,3,None,24,1.0,1,1,4.0,None,2,None
1,1,4,24271.517653405088,18,None,1,1,None,19.0,2,4.0
8,1,3,-8500.0,13,1.0,1,1,6.0,18.0,1,4.0
1,1,3,34758.10048962074,6,None,1,1,1.0,1.0,2,4.0
1,2,3,86979.6970936237,39,1.0,1,1,1.0,14.0,2,4.0
2,1,3,None,39,None,1,1,6.0,1.0,2,None
1,1,3,109823.93358677384,39,1.0,1,1,1.0,19.0,2,4.0
2,2,4,68678.15206303878,42,1.0,1,1,6.0,18.0,2,4.0
1,1,2,None,56,None,1,1,6.0,19.0,2,None
1,1,4,60333.78742337826,12,None,1,1,6.0,21.0,1,4.0
1,2,4,67693.46392837475,51,1.0,1,1,None,19.0,2,4.0
1,1,3,-8500.0,6,None,1,1,1.0,19.0,2,4.0
1,2,2,None,4,1.0,1,1,1.0,23.0,2,4.0
1,2,4,-8500.0,44,1.0,1,1,6.0,None,2,4.0
6,1,3,4868.810431329657,48,None,1,1,None,16.0,2,None
1,2,4,55656.88909351027,42,1.0,1,1,6.0,16.0,2,4.0
2,2,3,10138.129356935053,26,None,1,1,6.0,20.0,1,2.0
1,2,2,184104.38755203295,56,8.0,1,1,1.0,23.0,2,4.0
1,1,4,140897.87600304311,18,1.0,1,1,6.0,21.0,2,4.0
1,2,4,18963.06852957452,36,1.0,1,1,None,22.0,2,4.0
1,1,4,None,18,1.0,1,1,1.0,21.0,2,4.0
4,2,3,23313.98407218137,6,2.0,1,1,None,4.0,2,4.0
1,1,3,111601.7827112319,26,7.0,1,1,None,22.0,2,4.0
1,1,4,104045.8382817402,36,4.0,1,1,1.0,21.0,2,4.0
1,1,4,138450.86046272868,27,1.0,1,2,1.0,19.0,1,4.0
1,2,4,46003.04338660868,25,None,1,1,1.0,7.0,2,1.0
4,1,4,None,27,1.0,1,1,4.0,14.0,2,4.0
1,2,4,117918.65143507294,47,8.0,1,1,3.0,20.0,2,4.0
9,1,4,23193.42267848677,12,1.0,1,1,6.0,18.0,2,4.0
1,1,3,29875.160897775797,48,1.0,1,1,None,20.0,2,4.0
6,1,3,133183.59437921172,21,1.0,1,1,None,20.0,2,None
1,2,3,125869.71576950452,26,2.0,1,1,1.0,22.0,2,4.0
1,2,4,123518.74928860398,25,None,1,1,3.0,9.0,1,4.0
1,1,3,111071.1871396375,26,None,1,1,5.0,18.0,2,1.0
1,1,4,87128.67054596872,12,8.0,1,1,1.0,None,2,4.0
1,2,2,79924.94556390165,4,1.0,1,1,6.0,16.0,2,4.0
2,1,3,22460.03256382862,6,1.0,1,1,5.0,24.0,2,4.0
1,1,4,35441.048280505245,51,None,1,1,None,21.0,2,None
1,2,3,74637.86476307015,39,1.0,1,1,None,None,2,4.0
9,2,4,-2651.810178765205,49,None,1,1,None,19.0,2,4.0
1,2,4,-8500.0,18,1.0,1,1,1.0,21.0,2,4.0
1,1,4,139038.8850604365,25,1.0,1,1,6.0,21.0,2,4.0
9,1,3,59258.29715803216,26,1.0,1,1,1.0,22.0,2,4.0
1,1,4,109349.1852314316,36,1.0,1,1,6.0,21.0,2,4.0
2,2,3,-8500.0,26,8.0,1,1,1.0,21.0,2,4.0
1,1,4,90424.39576286248,22,None,1,1,3.0,None,2,4.0
1,2,2,100388.96207049556,4,None,1,1,1.0,12.0,2,None
1,2,3,104983.14212997883,55,2.0,1,1,1.0,21.0,1,4.0
1,2,3,15173.547948406676,6,3.0,1,1,6.0,14.0,2,4.0
1,2,3,None,26,1.0,1,1,None,21.0,2,None
4,2,3,3379.9256205594284,13,1.0,1,1,1.0,1.0,2,4.0
1,1,4,-707.0362226101133,42,1.0,1,1,6.0,20.0,1,4.0
1,1,4,13546.688517927303,36,5.0,1,1,None,1.0,2,4.0
1,1,3,-8500.0,41,1.0,1,1,1.0,1.0,2,4.0
9,2,4,51238.824017939456,16,8.0,1,1,1.0,16.0,2,4.0
1,2,4,40102.08831657135,25,1.0,1,1,6.0,20.0,2,4.0
1,1,4,77300.91405326394,42,1.0,1,1,6.0,22.0,2,4.0
1,2,4,None,42,1.0,1,1,6.0,19.0,2,4.0
8,2,2,26464.299662495203,56,6.0,1,1,1.0,21.0,2,4.0
1,1,4,46177.14058460886,25,1.0,1,1,1.0,21.0,2,4.0
1,1,3,-8500.0,41,None,1,1,6.0,17.0,2,4.0
9,1,3,68011.99622924867,24,8.0,1,1,None,22.0,2,4.0
9,1,3,-8500.0,6,1.0,1,2,6.0,4.0,2,4.0
9,2,3,None,48,1.0,1,1,None,22.0,2,4.0
1,1,3,66249.03642987198,6,1.0,1,1,6.0,15.0,2,1.0
1,1,4,23166.35329655859,42,None,1,1,1.0,21.0,2,4.0
1,1,4,127015.66083163708,18,1.0,1,1,6.0,18.0,2,4.0
2,1,3,47149.91916947918,24,None,1,1,6.0,19.0,2,None
6,1,4,67104.71805266198,25,8.0,1,1,None,1.0,2,4.0
1,2,3,41051.17740619549,21,None,1,1,6.0,None,2,None
1,2,4,63229.02373580704,36,1.0,1,1,6.0,16.0,1,4.0
2,2,2,110018.6331491014,4,1.0,1,1,None,21.0,2,4.0
1,1,4,140203.6413048724,42,3.0,1,1,1.0,22.0,2,4.0
1,2,3,None,55,1.0,1,1,6.0,20.0,2,4.0
1,2,3,32540.71492633717,6,1.0,1,1,3.0,22.0,2,4.0
1,1,3,133227.16496488036,9,4.0,4,1,None,20.0,2,4.0
1,1,3,35509.85997364802,26,None,1,1,4.0,22.0,2,None
2,2,3,36862.58163896336,6,1.0,1,1,None,18.0,1,4.0
1,1,3,3803.045714043888,48,None,1,1,6.0,18.0,2,4.0
1,1,4,5069.173788795095,25,1.0,1,1,6.0,21.0,2,4.0
1,2,3,28213.245307603796,26,None,1,1,6.0,16.0,2,4.0
1,1,4,114248.97668753582,47,None,1,1,1.0,19.0,2,4.0
1,1,3,2159.764070835794,55,None,1,1,1.0,13.0,2,4.0
9,2,4,38472.88076620769,47,3.0,1,1,4.0,19.0,2,4.0
1,2,4,-1806.0127038810608,18,None,1,1,6.0,4.0,2,4.0
2,2,4,-8500.0,36,None,1,1,1.0,21.0,2,4.0
1,2,3,None,6,1.0,1,1,6.0,16.0,2,4.0
1,2,2,100505.51469303873,4,1.0,1,1,4.0,20.0,2,None
1,2,4,None,51,None,1,2,6.0,12.0,2,4.0
1,2,4,69051.08409080721,42,7.0,1,1,6.0,11.0,2,4.0
1,1,4,176805.4693069081,36,None,1,1,6.0,None,1,4.0
1,1,4,-8500.0,12,2.0,1,1,6.0,16.0,2,4.0
1,2,3,49462.23021223649,41,1.0,1,1,6.0,12.0,2,4.0
1,1,2,None,56,1.0,1,1,1.0,16.0,2,4.0
8,2,4,22371.693489617683,27,None,1,1,6.0,19.0,2,4.0
1,2,4,103559.81313185644,51,1.0,1,1,6.0,22.0,2,4.0
1,1,3,13590.148260355152,26,3.0,1,1,1.0,21.0,2,None
1,2,4,67118.05768354142,12,1.0,1,1,6.0,22.0,2,4.0
9,2,3,140784.1896367197,39,None,1,1,6.0,22.0,2,4.0
1,1,4,28170.424227045685,42,1.0,1,1,1.0,19.0,2,4.0
1,1,2,117208.32704296336,56,None,1,1,2.0,14.0,2,4.0
1,1,2,155328.772233915,56,1.0,1,1,1.0,16.0,2,4.0
1,1,4,38339.77963287247,47,2.0,1,1,3.0,21.0,2,4.0
1,2,3,-2804.8331398847804,6,1.0,1,1,1.0,16.0,2,4.0
1,2,3,97715.61141693324,26,1.0,5,1,None,1.0,2,4.0
1,1,3,114504.56165209546,39,1.0,1,1,1.0,21.0,2,4.0
1,2,3,77570.23626221657,48,1.0,3,1,1.0,16.0,2,4.0
1,2,4,44961.820595886114,36,2.0,1,1,6.0,19.0,2,4.0
1,1,3,101078.04401374995,41,1.0,1,1,1.0,21.0,2,4.0
1,1,3,1663.461988930365,55,1.0,1,1,1.0,4.0,2,4.0
1,2,4,None,51,2.0,1,1,6.0,21.0,2,4.0
1,2,4,-8500.0,42,None,1,1,6.0,19.0,2,4.0
1,2,3,None,26,None,1,1,6.0,22.0,2,4.0
6,2,3,None,41,None,1,1,5.0,18.0,1,4.0
4,1,3,93262.3703407821,21,None,1,1,1.0,18.0,2,4.0
1,2,3,34912.33486421428,6,None,1,1,None,16.0,2,None
1,1,4,41944.93633442239,47,1.0,1,1,6.0,17.0,2,4.0
1,2,3,66225.12879485107,6,1.0,1,1,5.0,14.0,2,None
1,2,3,None,55,None,1,1,6.0,None,2,4.0
1,1,3,None,39,3.0,1,1,6.0,13.0,2,4.0
8,2,3,45205.255232791846,39,1.0,1,1,6.0,16.0,2,None
1,2,3,26784.121085215706,24,1.0,1,1,6.0,18.0,2,4.0
1,2,3,163277.80238397254,39,2.0,1,1,1.0,21.0,2,4.0
2,1,3,42373.74265553015,6,1.0,1,1,5.0,16.0,2,4.0
8,2,4,None,18,1.0,1,1,5.0,None,2,None
9,1,4,155943.40894262787,18,1.0,1,1,1.0,21.0,2,4.0
8,1,4,171268.85543679414,42,3.0,1,1,1.0,21.0,2,None
1,1,2,36762.28887235238,56,None,1,1,6.0,21.0,2,4.0
1,2,3,50260.1783356706,48,1.0,1,1,4.0,22.0,2,4.0
1,2,3,44623.399026633786,6,None,1,1,6.0,1.0,2,4.0
1,2,2,None,56,1.0,1,1,1.0,16.0,2,4.0
1,2,3,None,13,None,1,1,None,14.0,2,4.0
1,1,3,535.856723920886,6,None,1,1,6.0,18.0,2,None
1,1,4,86461.59015963796,42,None,1,1,None,20.0,2,4.0
1,1,3,None,48,1.0,1,1,6.0,21.0,2,4.0
1,2,4,50767.28631555363,42,None,1,1,2.0,4.0,2,4.0
1,1,3,None,39,1.0,1,1,1.0,16.0,2,4.0
1,2,4,78390.91652517987,12,None,1,1,4.0,22.0,2,4.0
6,2,3,None,9,None,1,1,6.0,18.0,2,4.0
1,1,4,None,51,1.0,1,1,6.0,None,2,None
1,2,3,65825.84321716566,13,1.0,1,1,6.0,12.0,2,4.0
1,2,4,88621.01413791411,51,1.0,1,1,1.0,18.0,2,4.0
1,2,4,17321.591216137356,36,1.0,1,1,6.0,None,1,4.0
1,2,4,82482.80232565547,12,1.0,1,1,1.0,21.0,2,None
1,2,4,64655.76975786463,27,1.0,1,1,None,19.0,2,4.0
1,1,2,60568.28044512666,56,None,1,1,6.0,21.0,2,4.0
1,1,3,99813.5173968518,24,None,1,1,1.0,20.0,2,4.0
1,1,4,129595.8472934458,16,1.0,1,1,1.0,13.0,2,4.0
9,1,3,74956.82862642733,9,6.0,1,1,1.0,21.0,2,4.0
1,1,3,-8500.0,24,None,1,1,5.0,4.0,2,4.0
1,1,4,106007.43746008285,47,1.0,1,1,None,1.0,2,4.0
1,1,3,108104.95957556451,6,7.0,1,1,None,16.0,2,4.0
1,1,4,103855.22179880312,12,5.0,1,1,1.0,16.0,2,4.0
1,1,4,92161.29281035048,12,None,1,1,1.0,18.0,2,4.0
1,1,3,102801.08502979882,6,None,1,1,1.0,16.0,2,4.0
9,1,3,-2946.5153519022715,39,1.0,1,1,6.0,22.0,2,4.0
1,1,3,104541.62229935612,6,1.0,1,1,6.0,16.0,1,4.0
1,2,2,27038.225525632686,56,None,1,1,6.0,19.0,1,4.0
4,1,4,22466.05307378726,25,1.0,1,2,4.0,None,2,4.0
1,1,2,-5424.807202977427,4,None,1,1,4.0,1.0,2,4.0
1,1,3,80465.79076047443,13,None,1,2,1.0,None,2,4.0
2,2,3,-8500.0,6,1.0,1,1,6.0,20.0,2,4.0
1,1,3,-8500.0,24,1.0,1,1,6.0,16.0,2,4.0
1,1,4,140221.8197450008,51,1.0,1,1,6.0,18.0,2,4.0
1,1,4,None,12,None,1,1,6.0,22.0,2,4.0
9,2,4,None,51,1.0,1,2,1.0,19.0,2,4.0
1,1,4,None,42,1.0,1,1,1.0,16.0,2,None
1,1,3,10008.317849536032,55,None,1,1,6.0,17.0,2,4.0
9,2,3,30269.990087377715,13,None,1,1,None,21.0,2,4.0
9,1,4,72778.61207593545,36,1.0,1,1,None,22.0,2,4.0
1,1,4,77183.93925250605,51,6.0,1,1,6.0,15.0,2,None
1,2,3,61382.38183422439,26,1.0,1,1,None,4.0,2,4.0
1,2,3,10638.727947568645,41,None,1,1,6.0,21.0,2,4.0
1,1,3,26665.027236168,9,8.0,1,1,6.0,16.0,2,4.0
2,2,3,-8500.0,13,None,1,1,6.0,23.0,2,4.0
1,2,4,None,5,None,1,1,4.0,22.0,2,4.0
9,2,4,55657.91064025967,12,1.0,1,1,1.0,19.0,2,4.0
9,1,3,94071.29865690248,6,None,1,1,None,11.0,2,3.0
1,2,3,-8500.0,6,None,1,1,None,21.0,2,4.0
8,1,4,-8500.0,36,8.0,1,1,1.0,21.0,2,4.0
1,2,4,9545.771384802569,47,None,1,1,None,5.0,2,4.0
1,1,2,3511.374425634196,56,None,1,1,1.0,19.0,2,4.0
1,1,4,None,51,1.0,1,1,1.0,20.0,2,4.0
1,2,3,172984.0586610901,6,1.0,1,1,None,20.0,2,4.0
1,2,2,None,4,2.0,1,1,1.0,19.0,2,None
4,1,3,20177.790874023063,39,None,1,1,6.0,18.0,2,4.0
1,2,4,115103.24479770388,12,1.0,1,1,1.0,None,2,4.0
1,2,4,-8500.0,5,1.0,1,1,1.0,16.0,2,4.0
2,1,2,None,56,1.0,1,1,None,None,2,4.0
9,2,4,None,47,1.0,3,1,1.0,19.0,2,4.0
1,2,4,131982.08237464068,47,3.0,1,1,6.0,14.0,2,4.0
1,2,4,26292.848007103203,36,1.0,1,1,1.0,21.0,2,4.0
2,2,2,-8500.0,56,1.0,1,1,1.0,16.0,2,1.0
1,1,4,38686.71911816929,51,1.0,1,1,1.0,16.0,2,4.0
2,1,3,104135.40351486571,6,None,1,1,6.0,None,2,None
8,1,3,None,48,1.0,1,1,6.0,18.0,2,1.0
1,1,3,54340.78049155899,21,1.0,1,1,6.0,20.0,2,None
1,1,4,None,36,5.0,1,1,6.0,20.0,2,4.0
1,2,4,33724.81312379847,16,None,1,1,1.0,18.0,2,4.0
2,1,4,-8500.0,42,1.0,1,1,3.0,13.0,2,4.0
2,1,3,65627.67323553137,6,1.0,1,1,4.0,18.0,2,4.0
1,2,3,197270.6198022945,21,6.0,1,1,1.0,21.0,2,4.0
1,2,4,19259.771092432653,36,1.0,1,1,6.0,16.0,2,4.0
1,2,4,89290.4012774131,27,1.0,1,1,1.0,22.0,2,None
9,1,3,61080.65139037839,21,1.0,1,1,5.0,4.0,2,None
1,2,3,-8500.0,6,None,1,2,6.0,1.0,2,4.0
1,1,4,28974.894847084022,12,1.0,1,1,6.0,20.0,2,None
1,1,3,-8500.0,6,None,1,1,6.0,18.0,2,4.0
1,1,4,41890.8844583584,12,1.0,1,1,1.0,16.0,2,4.0
8,1,3,31008.85791866773,26,1.0,1,1,4.0,16.0,1,4.0
9,2,4,-8500.0,42,None,1,1,None,14.0,2,1.0
1,2,3,113796.51930077298,26,None,1,1,None,18.0,2,4.0
2,2,3,11347.003950259836,6,1.0,1,1,1.0,19.0,2,4.0
8,2,4,2507.2262867277386,51,1.0,1,1,6.0,20.0,2,4.0
1,1,3,9895.909386862862,39,None,1,1,None,16.0,1,4.0
1,1,3,3684.9118822180462,6,1.0,1,1,None,18.0,2,4.0
1,2,4,-8500.0,47,None,1,1,6.0,19.0,2,4.0
1,1,3,145260.5833369258,24,7.0,1,1,1.0,21.0,2,4.0
1,1,3,163893.94363566165,6,1.0,1,1,1.0,None,2,2.0
1,2,4,None,15,1.0,1,1,1.0,20.0,2,4.0
1,1,3,30228.84602644619,13,6.0,1,1,6.0,19.0,2,4.0
1,2,3,110194.01081083866,24,None,1,1,1.0,18.0,2,4.0
1,2,3,60261.64394199305,6,1.0,1,1,None,20.0,2,4.0
1,2,4,None,36,None,1,1,None,6.0,2,None
2,1,3,73055.43387515898,6,1.0,5,1,6.0,21.0,2,None
1,2,4,14356.730650223875,5,1.0,1,1,1.0,14.0,2,4.0
9,1,3,185799.7036731104,13,1.0,1,1,1.0,19.0,2,None
1,1,3,65461.36306346461,6,1.0,1,1,6.0,19.0,1,4.0
1,2,4,135882.93830095566,36,1.0,1,1,1.0,None,2,4.0
1,1,3,135765.72984368616,6,1.0,1,1,6.0,17.0,2,2.0
1,2,3,5621.7584620621055,21,None,1,1,4.0,20.0,2,4.0
1,1,4,113998.55244531218,25,2.0,1,1,None,16.0,2,4.0
9,2,3,-8500.0,24,None,1,1,1.0,16.0,2,4.0
9,1,4,162372.32548820844,12,1.0,1,1,1.0,19.0,2,4.0
1,2,4,100160.55003295589,25,None,1,1,1.0,19.0,2,2.0
1,2,4,None,22,1.0,1,1,6.0,21.0,2,None
9,1,4,40921.22962487709,42,None,1,1,None,19.0,2,4.0
1,2,4,67883.93582644124,51,1.0,1,1,6.0,19.0,2,4.0
4,1,3,75438.98817975419,24,2.0,5,1,1.0,20.0,1,4.0
1,1,4,-8500.0,36,None,1,1,3.0,17.0,2,2.0
1,2,3,-8500.0,6,None,1,1,1.0,16.0,2,4.0
1,2,3,-1611.59757666527,55,None,1,1,None,22.0,2,4.0
1,1,4,136739.79154641557,12,None,1,1,None,22.0,2,None
9,1,4,85077.62857370047,36,4.0,1,1,6.0,16.0,1,4.0
4,2,3,36255.428499567606,48,1.0,4,1,6.0,21.0,2,4.0
1,1,4,None,12,None,1,1,1.0,20.0,2,None
1,2,3,-8500.0,21,1.0,1,1,None,9.0,2,4.0
1,1,4,54742.89195802649,44,2.0,1,1,None,19.0,2,4.0
1,2,3,18233.816096278293,48,1.0,1,1,6.0,16.0,2,4.0
1,1,4,73931.17828203902,36,None,1,1,None,21.0,2,None
1,2,4,-8500.0,16,1.0,1,1,6.0,19.0,2,4.0
4,2,3,11371.36100756286,48,1.0,1,1,1.0,16.0,2,4.0
1,1,4,26484.344733956743,12,None,1,1,4.0,23.0,2,None
9,1,4,69634.34317497446,47,None,4,2,6.0,11.0,2,4.0
2,2,3,92117.58328047494,6,None,1,1,4.0,16.0,2,4.0
1,1,4,90715.67578979784,12,None,1,1,6.0,11.0,2,4.0
4,2,4,59190.39811468034,36,1.0,1,2,None,7.0,2,4.0
1,1,3,54456.46096997152,13,None,1,1,1.0,16.0,2,4.0
1,2,2,74898.55872208442,56,1.0,1,1,6.0,17.0,2,4.0
1,1,4,None,36,None,2,1,None,20.0,2,4.0
1,2,3,68512.55279024469,39,2.0,1,1,1.0,21.0,2,4.0
1,1,4,159481.34102921223,12,5.0,1,1,6.0,16.0,2,4.0
1,1,4,-8500.0,12,None,1,1,None,18.0,2,None
4,2,3,65993.14615772021,48,1.0,1,1,6.0,17.0,2,4.0
1,1,2,53255.783917818895,4,None,1,1,6.0,20.0,2,4.0
1,1,2,None,4,1.0,1,1,6.0,18.0,2,None
1,2,4,162724.52373404664,25,3.0,1,1,1.0,17.0,2,None
1,1,3,62132.69270689767,13,8.0,1,1,1.0,22.0,2,4.0
9,1,3,-8500.0,6,None,1,1,6.0,4.0,2,None
1,2,3,90413.40317892603,6,8.0,1,1,4.0,16.0,1,4.0
1,1,4,61095.63234435773,12,None,1,1,None,20.0,2,None
1,1,3,17463.132197172887,13,1.0,5,1,6.0,4.0,2,4.0
9,1,4,-8500.0,17,1.0,1,1,6.0,18.0,1,4.0
1,2,3,164288.02712600943,39,6.0,1,1,1.0,19.0,2,4.0
1,1,4,129047.68656268917,51,3.0,1,1,6.0,1.0,2,4.0
1,2,3,-8500.0,26,1.0,1,1,None,19.0,2,4.0
1,1,3,None,6,1.0,1,1,6.0,21.0,2,4.0
1,1,4,-8500.0,47,None,1,1,None,None,1,4.0
2,1,3,59145.87937789042,26,None,1,1,1.0,None,2,4.0
9,1,4,-2857.026081051794,25,1.0,1,1,3.0,16.0,2,4.0
1,2,3,151701.62024297068,54,1.0,1,1,1.0,21.0,2,4.0
1,1,3,None,26,1.0,1,1,6.0,19.0,2,4.0
1,2,4,66296.48368945738,32,None,1,1,None,8.0,2,1.0
6,1,3,None,6,1.0,1,1,1.0,19.0,2,4.0
1,2,3,66827.77704472376,26,None,1,1,1.0,19.0,2,4.0
1,1,3,76113.29791496442,6,6.0,1,1,None,14.0,2,4.0
2,2,3,178943.46862978104,6,1.0,4,2,None,24.0,2,4.0
1,2,3,15994.856203589694,41,None,1,1,3.0,21.0,2,None
1,2,3,58850.30377273168,6,None,1,1,6.0,18.0,2,4.0
1,1,4,None,29,1.0,1,1,6.0,16.0,2,4.0
1,2,3,-8500.0,26,1.0,1,1,6.0,22.0,2,4.0
2,2,4,78111.28576537603,34,2.0,1,1,6.0,20.0,2,4.0
1,1,4,25816.082019866342,51,1.0,1,1,3.0,19.0,2,4.0
1,1,3,-8500.0,6,8.0,1,1,1.0,16.0,2,4.0
6,2,3,83313.02607025666,6,None,1,1,None,18.0,2,4.0
8,1,3,121112.58977947512,39,1.0,1,1,5.0,17.0,2,4.0
1,1,4,None,32,1.0,1,1,1.0,11.0,2,4.0
1,2,3,-6097.287730293676,39,None,1,1,6.0,4.0,2,None
1,1,3,None,39,None,1,1,None,18.0,1,None
1,2,3,-8500.0,39,8.0,1,1,6.0,21.0,2,4.0
1,2,3,-6925.220293191967,6,None,1,1,4.0,24.0,2,None
1,1,4,None,29,2.0,1,1,6.0,21.0,2,4.0
1,2,3,-8500.0,39,1.0,1,1,None,21.0,2,4.0
1,1,3,46251.19565975762,41,None,1,1,1.0,21.0,2,4.0
1,2,4,-1695.9294095989171,22,1.0,1,1,1.0,19.0,2,4.0
1,2,4,54538.680951901486,29,2.0,1,1,4.0,16.0,1,4.0
1,1,3,-8500.0,13,1.0,1,1,3.0,20.0,2,4.0
1,2,4,30097.11675610511,47,1.0,1,1,4.0,20.0,2,4.0
1,2,3,-5142.000473058455,6,None,1,1,1.0,21.0,2,4.0
4,1,3,19919.21443793096,26,1.0,1,1,1.0,21.0,2,4.0
1,2,4,9468.639632043152,29,1.0,1,1,6.0,16.0,2,4.0
1,1,3,6690.929459600717,6,None,1,1,6.0,20.0,2,4.0
1,1,4,13273.849970603023,17,None,1,1,6.0,14.0,2,4.0
9,2,4,None,34,None,1,1,3.0,20.0,1,4.0
1,1,4,55495.572871005024,51,1.0,1,1,None,19.0,2,4.0
1,1,4,18928.582444175358,17,None,1,1,1.0,4.0,1,None
1,2,4,33424.571753789845,47,6.0,1,1,6.0,21.0,2,4.0
1,1,3,170280.34681922587,39,1.0,1,1,6.0,19.0,2,4.0
8,2,4,22836.36790457817,17,3.0,4,1,1.0,19.0,2,4.0
4,1,3,129336.62034433786,6,1.0,5,1,6.0,19.0,2,4.0
1,2,4,-8500.0,51,None,1,1,None,15.0,2,4.0
1,2,4,784.0562535467398,12,1.0,1,1,6.0,21.0,2,4.0
1,2,3,177609.6305185175,6,None,1,1,None,4.0,2,None
9,1,3,None,13,3.0,1,1,None,19.0,2,None
2,1,4,35747.67511356376,12,None,1,1,6.0,20.0,2,None
1,1,4,-8500.0,17,1.0,1,1,1.0,16.0,2,4.0
9,2,3,39403.65724478656,39,None,1,1,5.0,21.0,2,4.0
1,1,4,158743.34485190088,29,1.0,1,1,None,3.0,2,2.0
1,1,3,40920.906048557714,6,1.0,1,1,6.0,22.0,2,4.0
9,1,3,52301.04295929097,41,3.0,1,1,1.0,14.0,2,4.0
